,AA,AC,AG,AT,CA,CC,CG,CT,GA,GC,GG,GT,TA,TC,TG,TT
09.fa.txt,0.07250862016861342,0.05535132020989323,0.05182260373641987,0.06703863198672727,0.07037077793611606,0.05910600093067876,0.07266789740635297,0.051525359710280765,0.058003552598873596,0.08107597193560791,0.05860153115578508,0.05515236144579641,0.04583822539805072,0.058136742907248656,0.06974138483750507,0.07305901763605023
17.fa.txt,0.016078904047622675,0.05748170648070657,0.047548461895431465,0.018530409020760818,0.050556133146825465,0.11378956638246526,0.14706942558713865,0.04839971878041879,0.06319588428119043,0.12539782565048593,0.11418084857544789,0.057394349942561144,0.009808670406984282,0.06314563494508907,0.0513701723916674,0.016052288465204158
24.fa.txt,0.10945524997193087,0.05204669658966586,0.058992174587383775,0.09072138972225921,0.0645479042150696,0.03810025510270691,0.02850126506920673,0.05772123044626001,0.06314248935331333,0.03675554789638182,0.038106782807591985,0.05218834778567195,0.07406921456043741,0.061968155244488655,0.06459359814926512,0.10908969849836676
49.fa.txt,0.019805025006610872,0.044260755725728025,0.061679976761971726,0.022030556023147508,0.04617969109170682,0.12231709430404802,0.12362283836891114,0.0612921596145017,0.06583622336159656,0.12053487145768096,0.12051658112059005,0.044466289513715736,0.01595537405754388,0.06629906189171067,0.0455348792078238,0.01966862249271254
51.fa.txt,0.028468361854637372,0.049678973129246407,0.050731069276404916,0.05135703274629794,0.06415710333587664,0.08862210180470563,0.11643802909743957,0.050713940922751125,0.06949699734770039,0.11182167826723347,0.08737640335715732,0.049947836377508915,0.018112974468372234,0.06980842195958746,0.06409793265961809,0.029171143395462545
